<?xml version="1.0" encoding="UTF-8"?>
<project-private xmlns="http://www.netbeans.org/ns/project-private/1">
    <editor-bookmarks xmlns="http://www.netbeans.org/ns/editor-bookmarks/2" lastBookmarkId="0"/>
    <open-files xmlns="http://www.netbeans.org/ns/projectui-open-files/2">
        <group>
            <file>file:/D:/NetBeansProjects/Oracle/web/studentPage.jsp</file>
            <file>file:/D:/NetBeansProjects/Oracle/web/homepage.jsp</file>
            <file>file:/D:/NetBeansProjects/Oracle/src/java/myservlet/control/LoginServlet.java</file>
            <file>file:/D:/NetBeansProjects/Oracle/web/renterPage.jsp</file>
            <file>file:/D:/NetBeansProjects/Oracle/web/login.jsp</file>
        </group>
    </open-files>
</project-private>
